City_ID,City,Country,Date,Lat,Lng,Max Temp,Humidity,Cloudiness,Wind Speed
0,Bethel,US,2020-06-24 02:20:20,41.37,-73.41,73.0,83,1,5.82
1,Hithadhoo,MV,2020-06-24 02:23:34,-0.6,73.08,84.18,75,38,10.18
2,Mehamn,NO,2020-06-24 02:23:34,71.04,27.85,45.3,74,14,9.46
3,Half Moon Bay,US,2020-06-24 02:20:46,37.46,-122.43,73.99,60,20,9.17
4,Vaini,TO,2020-06-24 02:23:35,-21.2,-175.2,78.8,78,40,4.7
5,Jamestown,US,2020-06-24 02:23:35,42.1,-79.24,63.0,87,90,13.87
6,Punta Arenas,CL,2020-06-24 02:19:25,-53.15,-70.92,32.0,82,0,6.93
7,Logan Lake,CA,2020-06-24 02:23:35,50.5,-120.8,77.0,41,75,10.29
8,Elk Point,US,2020-06-24 02:23:35,42.68,-96.68,70.0,99,0,6.35
9,Morros,BR,2020-06-24 02:23:35,-9.45,-46.3,73.71,71,0,7.34
10,Naze,JP,2020-06-24 02:23:35,28.37,129.48,82.4,78,75,4.7
11,Matara,LK,2020-06-24 02:23:35,5.95,80.54,81.84,81,100,10.83
12,Busselton,AU,2020-06-24 02:22:44,-33.65,115.33,57.0,90,98,11.27
13,Kindu,CD,2020-06-24 02:23:35,-2.95,25.95,69.35,76,0,1.32
14,Nikolskoye,RU,2020-06-24 02:20:28,59.7,30.79,60.8,77,1,6.71
15,Sakakah,SA,2020-06-24 02:23:35,29.97,40.21,77.0,16,0,14.99
16,Shingu,JP,2020-06-24 02:20:28,33.73,135.98,77.0,78,40,16.11
17,Hay River,CA,2020-06-24 02:23:35,60.82,-115.8,75.2,27,75,18.34
18,Sitka,US,2020-06-24 02:23:36,57.05,-135.33,55.4,76,75,6.93
19,Tucumcari,US,2020-06-24 02:23:36,35.17,-103.72,71.6,56,75,19.46
20,Rikitea,PF,2020-06-24 02:23:36,-23.12,-134.97,69.96,55,100,9.95
21,Ushuaia,AR,2020-06-24 02:23:36,-54.8,-68.3,33.8,86,90,18.34
22,Plerin,FR,2020-06-24 02:23:36,48.54,-2.78,60.01,11,1,5.5
23,Souillac,MU,2020-06-24 02:23:36,-20.52,57.52,71.6,83,75,11.41
24,Gasa,PS,2020-06-24 02:23:36,31.5,34.47,71.6,73,75,4.7
25,Prince Rupert,CA,2020-06-24 02:23:36,54.32,-130.32,55.4,87,1,9.17
26,Hilo,US,2020-06-24 02:23:20,19.73,-155.09,82.4,58,90,8.05
27,Ayan,RU,2020-06-24 02:23:36,56.45,138.17,45.61,92,99,4.41
28,Castro,BR,2020-06-24 02:23:36,-24.79,-50.01,54.3,94,0,4.23
29,Bluff,NZ,2020-06-24 02:20:25,-46.6,168.33,49.03,85,91,12.95
30,Dongsheng,CN,2020-06-24 02:23:37,39.82,109.98,80.22,20,87,10.07
31,Fengrun,CN,2020-06-24 02:23:37,39.83,118.12,84.2,44,95,2.28
32,Chuy,UY,2020-06-24 02:23:37,-33.7,-53.46,65.05,90,100,4.99
33,Khatanga,RU,2020-06-24 02:23:37,71.97,102.5,75.15,44,47,8.37
34,Bambanglipuro,ID,2020-06-24 02:23:37,-7.95,110.28,81.75,73,94,14.23
35,Avarua,CK,2020-06-24 02:23:37,-21.21,-159.78,78.8,74,78,5.82
36,Sainte-Rose,GP,2020-06-24 02:23:37,16.33,-61.7,80.6,78,90,3.36
37,Hami,CN,2020-06-24 02:23:37,42.8,93.45,84.45,12,5,13.8
38,Arraial Do Cabo,BR,2020-06-24 02:20:15,-22.97,-42.03,69.8,83,20,8.05
39,Bagan,RU,2020-06-24 02:23:37,54.1,77.66,63.37,78,13,10.92
40,Cuamba,MZ,2020-06-24 02:23:37,-14.8,36.54,59.76,95,8,4.81
41,Coahuayana,MX,2020-06-24 02:23:37,18.73,-103.68,81.3,77,17,3.04
42,Kruisfontein,ZA,2020-06-24 02:20:37,-34.0,24.73,60.33,32,0,13.62
43,Alice Springs,AU,2020-06-24 02:23:37,-23.7,133.88,59.0,34,0,3.36
44,Mar Del Plata,AR,2020-06-24 02:19:39,-38.0,-57.56,52.0,100,100,2.24
45,Yellowknife,CA,2020-06-24 02:20:19,62.46,-114.35,70.0,42,40,11.41
46,San Francisco De Macoris,DO,2020-06-24 02:23:38,19.3,-70.26,82.0,87,73,1.95
47,Komsomolskiy,UZ,2020-06-24 02:23:38,40.43,71.72,75.2,44,40,11.41
48,Hermanus,ZA,2020-06-24 02:23:38,-34.42,19.23,54.0,83,0,1.01
49,Port Lincoln,AU,2020-06-24 02:23:38,-34.73,135.87,56.59,58,4,10.76
50,Tabuk,PH,2020-06-24 02:19:19,17.42,121.44,85.75,67,99,4.45
51,Hambantota,LK,2020-06-24 02:23:38,6.12,81.12,77.0,100,100,4.7
52,Mundo Nuevo,MX,2020-06-24 02:23:38,18.7,-95.5,78.12,86,100,13.71
53,Mbandaka,CD,2020-06-24 02:23:38,0.05,18.26,72.84,74,91,0.63
54,Necochea,AR,2020-06-24 02:23:38,-38.55,-58.74,44.01,93,100,6.02
55,Kalmunai,LK,2020-06-24 02:23:38,7.42,81.82,82.58,73,100,6.67
56,Asgabat,TM,2020-06-24 02:23:39,37.95,58.38,78.8,22,0,4.7
57,Blagoyevo,RU,2020-06-24 02:23:39,63.37,47.92,41.34,69,100,8.41
58,Stepnogorsk,KZ,2020-06-24 02:23:39,52.35,71.89,56.8,66,12,16.24
59,Chimbote,PE,2020-06-24 02:23:39,-9.09,-78.58,61.21,90,49,6.38
60,Vila Velha,BR,2020-06-24 02:20:26,-20.33,-40.29,64.0,93,98,2.24
61,Faanui,PF,2020-06-24 02:23:39,-16.48,-151.75,79.05,80,100,14.58
62,New Norfolk,AU,2020-06-24 02:23:39,-42.78,147.06,55.0,89,100,1.99
63,Barrow,US,2020-06-24 02:23:39,71.29,-156.79,37.4,74,90,6.93
64,Vila Franca Do Campo,PT,2020-06-24 02:23:39,37.72,-25.43,60.8,93,40,18.34
65,Derzhavinsk,KZ,2020-06-24 02:23:39,51.1,66.32,59.05,59,0,3.13
66,Dakar,SN,2020-06-24 02:21:06,14.69,-17.44,80.6,83,38,3.36
67,Saskylakh,RU,2020-06-24 02:23:39,71.92,114.08,84.74,25,0,14.45
68,Coari,BR,2020-06-24 02:23:39,-4.08,-63.14,74.59,92,71,2.89
69,Saint Anthony,US,2020-06-24 02:23:40,45.02,-93.22,64.0,77,20,3.36
70,San Jose,US,2020-06-24 02:22:29,37.34,-121.89,77.0,56,20,13.87
71,Ler,SS,2020-06-24 02:23:40,8.3,30.14,73.72,78,38,4.05
72,Oranjestad,AW,2020-06-24 02:23:40,12.52,-70.03,82.4,83,40,13.87
73,Butaritari,KI,2020-06-24 02:23:40,3.07,172.79,83.57,73,15,13.31
74,Alpena,US,2020-06-24 02:23:40,45.06,-83.43,57.2,100,90,12.75
75,Cidreira,BR,2020-06-24 02:23:40,-30.18,-50.21,68.0,75,17,5.46
76,Gander,CA,2020-06-24 02:23:40,48.97,-54.59,69.8,83,40,13.87
77,Praia,CV,2020-06-24 02:23:40,14.92,-23.51,77.0,78,75,13.87
78,Saint-Pierre,RE,2020-06-24 02:23:40,-21.34,55.48,66.2,68,0,5.82
79,Albany,US,2020-06-24 02:23:40,42.6,-73.97,81.0,67,66,1.01
80,Moryakovskiy Zaton,RU,2020-06-24 02:23:40,56.7,84.65,69.01,73,100,4.9
81,Nyurba,RU,2020-06-24 02:23:40,63.28,118.33,77.25,41,2,11.07
82,Mahebourg,MU,2020-06-24 02:23:40,-20.41,57.7,71.6,83,75,11.41
83,Formosa,AR,2020-06-24 02:23:40,-26.18,-58.18,77.0,57,0,13.87
84,Nalut,LY,2020-06-24 02:23:41,30.33,10.85,68.86,56,0,13.2
85,Buin,CL,2020-06-24 02:23:41,-33.73,-70.75,46.4,100,90,6.93
86,Kaitangata,NZ,2020-06-24 02:23:41,-46.28,169.85,46.99,84,98,6.17
87,Myitkyina,MM,2020-06-24 02:23:41,25.38,97.4,75.99,96,100,0.83
88,San Patricio,MX,2020-06-24 02:23:41,19.22,-104.7,82.4,78,75,9.17
89,Nelson Bay,AU,2020-06-24 02:23:41,-32.72,152.15,61.0,51,20,23.04
90,Kalabo,ZM,2020-06-24 02:23:41,-14.97,22.68,49.3,55,0,6.6
91,Cape Town,ZA,2020-06-24 02:23:41,-33.93,18.42,50.0,100,0,8.05
92,Deputatskiy,RU,2020-06-24 02:23:41,69.3,139.9,78.57,28,0,7.63
93,Atuona,PF,2020-06-24 02:23:41,-9.8,-139.03,80.11,75,20,14.36
94,Beringovskiy,RU,2020-06-24 02:23:41,63.05,179.32,40.96,74,59,9.22
95,Mataura,NZ,2020-06-24 02:23:41,-46.19,168.86,49.15,82,87,1.68
96,Hobart,AU,2020-06-24 02:19:35,-42.88,147.33,55.0,93,75,8.05
97,Sechura,PE,2020-06-24 02:23:41,-5.56,-80.82,65.89,79,4,12.88
98,Bredasdorp,ZA,2020-06-24 02:23:41,-34.53,20.04,41.0,93,0,1.95
99,Puerto Ayora,EC,2020-06-24 02:20:21,-0.74,-90.35,70.0,92,33,8.52
100,Harper,LR,2020-06-24 02:23:42,4.38,-7.72,76.5,81,100,8.12
101,Odweyne,SO,2020-06-24 02:23:42,9.41,45.06,73.92,63,1,14.54
102,Jibuti,DJ,2020-06-24 02:23:42,11.5,42.5,87.8,79,1,2.71
103,Chokurdakh,RU,2020-06-24 02:23:42,70.63,147.92,75.07,26,65,7.52
104,Salalah,OM,2020-06-24 02:20:36,17.02,54.09,80.6,94,75,4.7
105,Port Alfred,ZA,2020-06-24 02:23:42,-33.59,26.89,66.99,33,4,10.0
106,Tasiilaq,GL,2020-06-24 02:23:42,65.61,-37.64,42.8,81,100,1.81
107,Provideniya,RU,2020-06-24 02:23:42,64.38,-173.3,44.6,75,40,15.66
108,Qandala,SO,2020-06-24 02:23:42,11.47,49.87,89.74,56,53,2.86
109,College,US,2020-06-24 02:23:42,64.86,-147.8,57.2,71,90,8.05
110,Coihaique,CL,2020-06-24 02:23:42,-45.58,-72.07,30.2,92,25,2.44
111,Tuktoyaktuk,CA,2020-06-24 02:23:42,69.45,-133.04,37.4,86,90,14.99
112,Cazones,MX,2020-06-24 02:23:42,20.72,-97.32,81.59,85,92,10.38
113,Kaz,RU,2020-06-24 02:23:42,52.91,87.31,69.49,64,100,1.45
114,Aksu,CN,2020-06-24 02:23:43,41.12,80.26,84.04,20,72,6.13
115,Lagoa,PT,2020-06-24 02:23:43,39.05,-27.98,61.21,63,0,12.75
116,Marienburg,PL,2020-06-24 02:23:43,54.04,19.03,57.99,100,86,5.82
117,East London,ZA,2020-06-24 02:23:43,-33.02,27.91,67.06,27,0,7.27
118,Labuhan,ID,2020-06-24 02:23:43,-6.88,112.21,81.84,72,96,4.94
119,Qaanaaq,GL,2020-06-24 02:23:43,77.48,-69.36,36.84,78,0,4.21
120,Lompoc,US,2020-06-24 02:23:43,34.64,-120.46,63.0,77,100,13.87
121,Okha,RU,2020-06-24 02:23:43,53.57,142.95,42.69,94,100,11.43
122,Kapaa,US,2020-06-24 02:20:33,22.08,-159.32,82.99,69,1,11.41
123,Rawson,AR,2020-06-24 02:23:43,-43.3,-65.1,45.66,57,42,10.51
124,Maues,BR,2020-06-24 02:23:43,-3.38,-57.72,75.88,73,1,1.41
125,Buala,SB,2020-06-24 02:23:43,-8.14,159.59,86.09,61,12,6.69
126,Popondetta,PG,2020-06-24 02:23:43,-8.75,148.25,88.5,55,11,5.46
127,Ahuimanu,US,2020-06-24 02:23:43,21.44,-157.84,84.2,58,1,10.29
128,Dikson,RU,2020-06-24 02:23:43,73.51,80.55,39.0,78,0,9.6
129,Padang,ID,2020-06-24 02:23:44,-0.95,100.35,76.55,83,100,7.05
130,Kodiak,US,2020-06-24 02:23:44,57.79,-152.41,51.8,81,90,11.41
131,Carnarvon,AU,2020-06-24 02:20:30,-24.87,113.63,68.0,49,0,14.99
132,Maldonado,UY,2020-06-24 02:23:44,-34.67,-54.92,57.2,87,90,8.05
133,Ponta Do Sol,PT,2020-06-24 02:20:33,32.67,-17.1,69.8,64,40,6.93
134,Carora,VE,2020-06-24 02:23:44,10.18,-70.08,75.43,73,21,11.79
135,Awbari,LY,2020-06-24 02:23:44,26.59,12.78,76.84,24,0,13.71
136,Lavrentiya,RU,2020-06-24 02:19:34,65.58,-171.0,41.07,68,100,9.55
137,Ormara,PK,2020-06-24 02:23:44,25.21,64.64,85.21,73,0,2.91
138,Killybegs,IE,2020-06-24 02:23:44,54.63,-8.45,52.68,91,100,8.14
139,Luderitz,NA,2020-06-24 02:23:44,-26.65,15.16,68.0,30,0,3.36
140,Ust-Nera,RU,2020-06-24 02:23:44,64.57,143.2,80.26,29,4,2.84
141,Grindavik,IS,2020-06-24 02:23:44,63.84,-22.43,48.2,100,90,11.41
142,Tuatapere,NZ,2020-06-24 02:23:44,-46.13,167.68,50.43,78,67,4.21
143,Kahului,US,2020-06-24 02:20:01,20.89,-156.47,87.8,43,40,20.8
144,Ilulissat,GL,2020-06-24 02:20:21,69.22,-51.1,39.2,86,76,4.7
145,Nanortalik,GL,2020-06-24 02:23:44,60.14,-45.24,40.39,77,27,6.11
146,Touho,NC,2020-06-24 02:23:45,-20.78,165.23,75.97,62,1,3.44
147,Cranbrook,CA,2020-06-24 02:23:45,49.5,-115.77,75.2,41,75,9.17
148,Codajas,BR,2020-06-24 02:23:45,-3.84,-62.06,74.68,94,83,2.86
149,Boende,CD,2020-06-24 02:23:45,-0.22,20.87,72.05,83,92,1.21
150,Talnakh,RU,2020-06-24 02:20:39,69.49,88.4,62.6,55,100,6.71
151,Urumqi,CN,2020-06-24 02:23:38,43.8,87.6,78.8,24,100,2.24
152,Swellendam,ZA,2020-06-24 02:23:45,-34.02,20.44,41.0,93,0,2.13
153,Limoux,FR,2020-06-24 02:23:45,42.92,2.17,64.4,93,0,9.17
154,Kavieng,PG,2020-06-24 02:23:45,-2.57,150.8,86.22,68,8,9.19
155,Asyut,EG,2020-06-24 02:23:45,27.18,31.18,78.8,36,0,6.93
156,Xichang,CN,2020-06-24 02:23:45,27.9,102.26,66.9,82,100,1.61
157,Mozarlandia,BR,2020-06-24 02:23:45,-14.74,-50.57,70.18,55,0,1.39
158,Del Rio,US,2020-06-24 02:23:45,29.36,-100.9,93.2,41,1,8.05
159,Gazanjyk,TM,2020-06-24 02:23:46,39.24,55.52,82.49,18,0,3.33
160,Alofi,NU,2020-06-24 02:23:46,-19.06,-169.92,80.6,74,40,3.36
161,Pimentel,PE,2020-06-24 02:23:46,-6.84,-79.93,63.25,86,69,13.98
162,Sterling,US,2020-06-24 02:23:46,39.01,-77.43,82.0,69,75,10.29
163,Airai,TL,2020-06-24 02:23:46,-8.93,125.41,68.45,75,35,4.29
164,Asfi,MA,2020-06-24 02:23:46,32.3,-9.24,68.76,85,100,6.89
165,Morant Bay,JM,2020-06-24 02:23:46,17.88,-76.41,87.8,58,20,18.34
166,Preobrazheniye,RU,2020-06-24 02:23:46,42.9,133.91,61.38,79,100,7.61
167,Cedar City,US,2020-06-24 02:23:46,37.68,-113.06,87.8,12,1,4.7
168,Paamiut,GL,2020-06-24 02:20:46,61.99,-49.67,39.67,81,62,11.74
169,Sungaipenuh,ID,2020-06-24 02:23:46,-2.08,101.38,68.43,87,99,0.6
170,Korla,CN,2020-06-24 02:23:46,41.76,86.15,85.93,15,93,14.23
171,Rio Gallegos,AR,2020-06-24 02:23:46,-51.62,-69.22,32.0,91,12,10.29
172,Presov,SK,2020-06-24 02:23:46,49.17,21.25,62.6,67,8,12.75
173,Puerto Baquerizo Moreno,EC,2020-06-24 02:23:46,-0.9,-89.6,68.88,89,9,10.69
174,Timra,SE,2020-06-24 02:23:47,62.49,17.33,57.99,93,62,2.24
175,Hirado,JP,2020-06-24 02:23:47,33.36,129.55,86.0,51,75,10.29
176,Isangel,VU,2020-06-24 02:23:47,-19.55,169.27,80.6,83,75,9.17
177,Sayyan,YE,2020-06-24 02:23:47,15.17,44.32,63.34,36,51,3.2
178,Norman Wells,CA,2020-06-24 02:20:33,65.28,-126.83,51.8,71,75,18.34
179,Lodja,CD,2020-06-24 02:23:47,-3.48,23.43,67.75,55,3,1.1
180,Vredendal,ZA,2020-06-24 02:23:47,-31.67,18.5,59.49,34,0,8.77
181,Benguela,AO,2020-06-24 02:23:47,-12.58,13.41,68.22,70,84,3.47
182,Upernavik,GL,2020-06-24 02:23:47,72.79,-56.15,33.69,93,39,9.93
183,Cururupu,BR,2020-06-24 02:23:47,-1.83,-44.87,74.57,93,15,3.49
184,Espanola,US,2020-06-24 02:23:47,35.99,-106.08,72.0,30,1,11.41
185,Tianguismanalco,MX,2020-06-24 02:23:47,18.95,-98.43,59.79,84,100,6.29
186,Biak,ID,2020-06-24 02:23:47,-0.91,122.88,75.76,90,100,8.79
187,Victoria,HK,2020-06-24 02:19:44,22.29,114.16,90.0,66,99,15.01
188,Saint George,US,2020-06-24 02:20:30,37.1,-113.58,102.99,8,1,13.87
189,Chernyshevskiy,RU,2020-06-24 02:23:47,63.01,112.47,54.7,89,100,7.36
190,Lira,UG,2020-06-24 02:23:48,2.23,32.91,63.01,95,0,2.19
191,Boyolangu,ID,2020-06-24 02:23:48,-8.12,111.89,79.81,76,96,10.96
192,Ribeira Grande,PT,2020-06-24 02:20:20,38.52,-28.7,60.93,67,59,15.59
193,Graham,US,2020-06-24 02:23:48,47.05,-122.29,75.99,64,1,5.82
194,Belyy Yar,RU,2020-06-24 02:23:48,53.6,91.39,66.2,77,0,2.28
195,Washington,US,2020-06-24 02:22:48,47.5,-120.5,89.6,27,40,2.15
196,Tecoanapa,MX,2020-06-24 02:23:48,16.52,-98.75,82.02,76,100,1.34
197,Lyubytino,RU,2020-06-24 02:23:48,58.81,33.39,55.83,73,0,2.71
198,Meulaboh,ID,2020-06-24 02:23:48,4.14,96.13,79.45,72,98,4.27
199,Camacha,PT,2020-06-24 02:23:48,33.08,-16.33,68.0,77,40,11.41
200,Saint-Augustin,CA,2020-06-24 02:23:48,51.23,-58.65,61.14,91,100,9.89
201,Torbay,CA,2020-06-24 02:20:30,47.67,-52.73,66.2,88,75,24.16
202,Ercis,TR,2020-06-24 02:23:48,39.03,43.36,53.6,62,0,3.36
203,Takoradi,GH,2020-06-24 02:23:48,4.88,-1.76,77.13,87,96,7.09
204,Zhigansk,RU,2020-06-24 02:23:48,66.77,123.37,73.33,44,34,3.71
205,Dingle,PH,2020-06-24 02:23:48,11.0,122.67,87.69,64,100,6.58
206,Hokitika,NZ,2020-06-24 02:23:49,-42.72,170.97,57.99,53,0,2.3
207,Kudahuvadhoo,MV,2020-06-24 02:20:21,2.67,72.89,83.88,76,100,13.47
208,Pevek,RU,2020-06-24 02:23:49,69.7,170.31,32.65,95,88,13.22
209,Wagga Wagga,AU,2020-06-24 02:23:49,-35.12,147.37,46.4,100,90,3.36
210,Touros,BR,2020-06-24 02:20:52,-5.2,-35.46,75.2,88,75,4.7
211,Port Elizabeth,ZA,2020-06-24 02:20:22,-33.92,25.57,48.2,66,0,4.7
212,Ballina,AU,2020-06-24 02:23:49,-28.87,153.57,63.0,51,0,10.29
213,Tiksi,RU,2020-06-24 02:23:49,71.69,128.87,60.21,54,44,6.29
214,Port Hardy,CA,2020-06-24 02:23:49,50.7,-127.42,59.0,100,90,4.7
215,Bengkulu,ID,2020-06-24 02:23:49,-3.8,102.27,77.92,86,100,1.66
216,Escanaba,US,2020-06-24 02:23:49,45.75,-87.06,57.99,82,95,1.01
217,Murray Bridge,AU,2020-06-24 02:23:49,-35.12,139.27,55.99,85,69,4.0
218,Danshui,CN,2020-06-24 02:23:49,22.8,114.47,90.0,17,100,1.99
219,Nhulunbuy,AU,2020-06-24 02:23:49,-12.23,136.77,80.6,61,75,17.22
220,Ak-Dovurak,RU,2020-06-24 02:23:49,51.18,90.6,64.47,47,0,2.17
221,Pangnirtung,CA,2020-06-24 02:23:49,66.15,-65.71,43.83,82,100,1.01
222,Marsh Harbour,BS,2020-06-24 02:23:50,26.54,-77.06,82.36,80,38,5.79
223,Thongwa,MM,2020-06-24 02:23:50,16.76,96.53,82.4,83,40,3.36
224,Seoul,KR,2020-06-24 02:20:45,37.57,126.98,75.2,94,90,12.75
225,Nixa,US,2020-06-24 02:23:50,37.04,-93.29,71.01,70,30,6.04
226,Berlevag,NO,2020-06-24 02:23:50,70.86,29.09,44.73,77,7,9.19
227,Mokhsogollokh,RU,2020-06-24 02:23:50,61.47,128.92,79.27,38,71,1.01
228,Waipawa,NZ,2020-06-24 02:23:50,-41.41,175.52,53.6,87,89,16.11
229,Fiche,ET,2020-06-24 02:23:50,9.8,38.73,52.27,69,37,0.72
230,Iralaya,HN,2020-06-24 02:23:50,15.0,-83.23,82.09,82,100,15.79
231,Ixtapa,MX,2020-06-24 02:20:04,20.7,-105.2,84.2,79,75,10.29
232,Sinnamary,GF,2020-06-24 02:23:50,5.38,-52.95,77.18,90,100,7.87
233,Vanimo,PG,2020-06-24 02:23:50,-2.67,141.3,87.71,59,58,6.6
234,Kavaratti,IN,2020-06-24 02:23:50,10.57,72.64,84.2,76,86,16.44
235,Ariquemes,BR,2020-06-24 02:23:50,-9.91,-63.04,73.62,80,9,1.07
236,Katsuura,JP,2020-06-24 02:23:50,35.13,140.3,73.99,83,73,5.99
237,Lebu,CL,2020-06-24 02:23:51,-37.62,-73.65,48.0,80,100,8.55
238,Villablino,ES,2020-06-24 02:23:51,42.94,-6.32,64.0,84,0,3.71
239,Grimshaw,CA,2020-06-24 02:23:51,56.18,-117.6,68.0,37,20,12.75
240,Gillette,US,2020-06-24 02:23:51,44.29,-105.5,79.0,29,1,5.82
241,Vardo,NO,2020-06-24 02:23:51,70.37,31.11,41.83,75,4,5.66
242,Sambava,MG,2020-06-24 02:23:51,-14.27,50.17,70.25,81,53,12.19
243,Merauke,ID,2020-06-24 02:23:51,-8.47,140.33,82.31,70,34,10.65
244,Abu Dhabi,AE,2020-06-24 02:19:11,24.47,54.37,86.0,83,20,2.24
245,La Ronge,CA,2020-06-24 02:23:51,55.1,-105.28,78.8,39,75,6.93
246,Novikovo,RU,2020-06-24 02:23:51,51.15,37.89,55.9,92,60,12.28
247,Husavik,IS,2020-06-24 02:23:51,66.04,-17.34,44.6,93,100,9.17
248,Saint-Philippe,RE,2020-06-24 02:23:51,-21.36,55.77,66.2,68,5,5.82
249,Imeni Poliny Osipenko,RU,2020-06-24 02:23:51,52.42,136.49,65.05,60,100,6.38
250,Svetlyy Yar,RU,2020-06-24 02:23:51,48.47,44.78,69.8,37,63,11.18
251,Tiarei,PF,2020-06-24 02:19:01,-17.53,-149.33,82.4,61,40,4.7
252,Batagay-Alyta,RU,2020-06-24 02:23:51,67.8,130.41,82.2,27,71,8.66
253,Zatoka,UA,2020-06-24 02:23:52,46.07,30.47,68.0,88,99,4.47
254,Hasaki,JP,2020-06-24 02:23:52,35.73,140.83,72.0,83,75,14.99
255,Tambovka,RU,2020-06-24 02:23:52,50.1,128.05,55.4,93,75,11.18
256,Roald,NO,2020-06-24 02:23:52,62.58,6.13,57.2,93,98,4.7
257,Areni,AM,2020-06-24 02:23:52,39.72,45.18,64.4,52,20,9.17
258,Bambous Virieux,MU,2020-06-24 02:23:52,-20.34,57.76,71.6,83,75,11.41
259,Mandalgovi,MN,2020-06-24 02:23:52,45.76,106.27,60.89,48,44,18.97
260,Clyde River,CA,2020-06-24 02:23:52,70.47,-68.59,39.2,93,90,6.93
261,Cabo San Lucas,MX,2020-06-24 02:22:42,22.89,-109.91,91.99,37,5,18.34
262,Chengde,CN,2020-06-24 02:23:52,40.97,117.94,82.51,42,100,3.24
263,Saldus,LV,2020-06-24 02:23:52,56.66,22.49,55.44,79,98,4.05
264,Iqaluit,CA,2020-06-24 02:23:52,63.75,-68.51,41.0,86,75,13.87
265,Buchanan,LR,2020-06-24 02:23:52,5.88,-10.05,77.18,87,88,9.04
266,Zhanaozen,KZ,2020-06-24 02:23:52,43.3,52.8,76.5,36,0,14.25
267,Inongo,CD,2020-06-24 02:23:52,-1.95,18.27,69.44,64,99,1.7
268,Luwuk,ID,2020-06-24 02:19:55,-0.95,122.79,76.91,85,100,6.98
269,Garowe,SO,2020-06-24 02:23:52,8.41,48.48,79.75,60,33,24.0
270,Palmer,US,2020-06-24 02:23:53,42.16,-72.33,75.2,73,20,8.05
271,Hamilton,US,2020-06-24 02:23:53,39.18,-84.53,71.01,64,1,5.39
272,San-Pedro,CI,2020-06-24 02:23:53,4.75,-6.64,76.05,86,100,5.84
273,Riyadh,SA,2020-06-24 02:22:47,24.69,46.72,80.6,11,100,10.29
274,Vostok,RU,2020-06-24 02:20:47,46.49,135.88,55.53,100,100,3.67
275,Thompson,CA,2020-06-24 02:23:53,55.74,-97.86,80.6,30,20,5.82
276,Weston,US,2020-06-24 02:19:26,26.1,-80.4,84.99,82,100,5.91
277,Hun,LY,2020-06-24 02:23:53,29.13,15.95,69.55,61,0,8.05
278,Hassleholm,SE,2020-06-24 02:23:10,56.16,13.77,57.0,93,0,5.82
279,Turka,UA,2020-06-24 02:23:53,49.15,23.03,59.0,85,100,5.01
280,Cherskiy,RU,2020-06-24 02:20:35,68.75,161.3,55.49,40,94,14.99
281,Dwarka,IN,2020-06-24 02:23:53,22.24,68.97,85.96,78,30,8.37
282,Srednekolymsk,RU,2020-06-24 02:23:53,67.45,153.68,70.29,23,0,9.22
283,Zhigalovo,RU,2020-06-24 02:23:53,54.81,105.16,77.23,44,16,2.89
284,Severo-Kurilsk,RU,2020-06-24 02:20:18,50.68,156.12,50.11,79,100,8.84
285,Kandrian,PG,2020-06-24 02:23:54,-6.22,149.55,85.55,72,35,8.21
286,Porto Torres,IT,2020-06-24 02:23:54,40.84,8.4,66.0,82,0,3.36
287,Cochrane,CA,2020-06-24 02:22:02,51.18,-114.47,73.4,40,90,11.41
288,Rocha,UY,2020-06-24 02:23:54,-34.48,-54.33,57.97,97,100,6.22
289,Los Llanos De Aridane,ES,2020-06-24 02:23:54,28.66,-17.92,73.4,73,90,16.11
290,Longyearbyen,SJ,2020-06-24 02:20:48,78.22,15.64,42.8,81,40,2.24
291,Kasongo-Lunda,CD,2020-06-24 02:23:54,-6.47,16.82,65.19,39,44,2.06
292,Manzanillo,CU,2020-06-24 02:23:54,20.34,-77.12,80.62,83,2,7.2
293,Miyako,JP,2020-06-24 02:23:54,39.64,141.95,68.99,69,41,7.09
294,San Jeronimo,PE,2020-06-24 02:23:54,-11.95,-75.28,47.61,67,100,1.45
295,Ahipara,NZ,2020-06-24 02:23:54,-35.17,173.17,58.71,88,100,16.08
296,Makakilo City,US,2020-06-24 02:20:19,21.35,-158.09,84.2,62,20,11.41
297,Hornepayne,CA,2020-06-24 02:23:54,49.21,-84.77,55.53,71,100,9.37
298,Maralal,KE,2020-06-24 02:23:54,1.1,36.7,56.77,88,20,4.61
299,Shigony,RU,2020-06-24 02:23:54,53.39,48.68,56.68,94,100,1.88
300,Ossora,RU,2020-06-24 02:23:55,59.24,163.07,62.64,56,0,6.22
301,Sorland,NO,2020-06-24 02:20:41,67.67,12.69,51.19,82,100,14.92
302,Point Pleasant,US,2020-06-24 02:21:02,40.08,-74.07,77.0,84,1,4.7
303,Aklavik,CA,2020-06-24 02:23:55,68.22,-135.01,44.6,75,90,9.17
304,Sobolevo,RU,2020-06-24 02:23:55,54.43,31.9,54.34,89,0,5.41
305,Guerrero Negro,MX,2020-06-24 02:20:26,27.98,-114.06,65.84,83,0,17.22
306,Mehran,IR,2020-06-24 02:23:55,33.12,46.16,69.8,21,0,6.93
307,Manor,IN,2020-06-24 02:23:55,19.75,72.92,82.6,77,10,7.58
308,Conneaut,US,2020-06-24 02:23:55,41.95,-80.55,66.2,72,90,12.75
309,Muli,MV,2020-06-24 02:20:23,2.92,73.57,84.04,77,100,14.34
310,Yabrud,SY,2020-06-24 02:23:55,33.97,36.66,60.8,77,0,13.87
311,Eyl,SO,2020-06-24 02:23:55,7.98,49.82,82.15,64,0,19.53
312,Santa Fe,AR,2020-06-24 02:21:09,-31.63,-60.7,59.0,93,100,1.99
313,Preeceville,CA,2020-06-24 02:23:55,51.95,-102.67,67.14,66,100,4.27
314,Constitucion,CL,2020-06-24 02:23:55,-35.33,-72.42,48.42,83,100,7.07
315,Port Macquarie,AU,2020-06-24 02:23:55,-31.43,152.92,64.0,52,0,3.0
316,Dolni Nemci,CZ,2020-06-24 02:23:56,48.97,17.59,55.99,92,0,1.01
317,Urla,TR,2020-06-24 02:23:56,38.32,26.76,69.8,73,1,5.82
318,La Romana,DO,2020-06-24 02:23:56,18.43,-68.97,78.4,85,0,10.33
319,Acarau,BR,2020-06-24 02:23:56,-2.89,-40.12,77.09,73,100,11.03
320,Praia Da Vitoria,PT,2020-06-24 02:23:56,38.73,-27.07,62.6,72,40,13.0
321,Dom Pedrito,BR,2020-06-24 02:23:56,-30.98,-54.67,65.8,82,3,9.93
322,Viransehir,TR,2020-06-24 02:23:56,37.24,39.76,70.63,37,0,8.12
323,Vao,NC,2020-06-24 02:23:56,-22.67,167.48,71.69,79,0,13.38
324,Nome,US,2020-06-24 02:23:56,64.5,-165.41,54.0,54,90,13.87
325,Georgetown,MY,2020-06-24 02:20:20,5.41,100.34,86.0,79,20,3.36
326,Jonesboro,US,2020-06-24 02:19:17,35.84,-90.7,78.8,78,1,2.48
327,Matamoros,MX,2020-06-24 02:19:11,25.53,-103.25,93.2,18,75,13.87
328,Maragogi,BR,2020-06-24 02:23:57,-9.01,-35.22,74.64,88,1,10.02
329,Tashla,RU,2020-06-24 02:23:57,51.77,52.74,58.06,74,89,3.87
330,Anadyr,RU,2020-06-24 02:23:57,64.75,177.48,50.0,76,40,13.42
331,La Palma,US,2020-06-24 02:23:57,33.85,-118.05,77.0,60,1,8.05
332,Saky,UA,2020-06-24 02:23:58,45.14,33.6,69.3,80,100,5.95
333,Zaraza,VE,2020-06-24 02:23:58,9.35,-65.32,73.89,88,9,5.77
334,Arak,IR,2020-06-24 02:23:58,34.09,49.69,62.74,39,0,2.19
335,Redlands,US,2020-06-24 02:21:52,34.06,-117.18,91.4,27,75,11.41
336,Fort Frances,CA,2020-06-24 02:23:58,48.6,-93.4,60.01,87,90,3.36
337,Narsaq,GL,2020-06-24 02:20:26,60.92,-46.05,51.8,66,18,3.36
338,Dossor,KZ,2020-06-24 02:23:58,47.53,52.98,74.34,21,18,5.35
339,Teya,RU,2020-06-24 02:23:58,60.38,92.63,79.02,39,2,2.24
340,Klaksvik,FO,2020-06-24 02:23:58,62.23,-6.59,50.0,81,0,13.87
341,Fortuna,US,2020-06-24 02:23:58,40.6,-124.16,61.0,93,90,8.05
342,Jalu,LY,2020-06-24 02:23:58,29.03,21.55,69.26,56,0,5.21
343,Tondano,ID,2020-06-24 02:19:11,1.3,124.91,87.8,62,40,2.24
344,Rosarito,MX,2020-06-24 02:23:58,32.33,-117.03,69.01,82,75,9.17
345,Vagur,FO,2020-06-24 02:23:58,61.47,-6.81,51.24,85,0,18.99
346,Qeshm,IR,2020-06-24 02:23:58,26.96,56.27,87.8,79,40,6.93
347,Margate,GB,2020-06-24 02:21:29,51.38,1.39,62.01,80,100,1.01
348,Ponta Delgada,PT,2020-06-24 02:23:59,37.73,-25.67,60.8,93,40,18.34
349,Dutlwe,BW,2020-06-24 02:23:59,-23.98,23.9,45.09,59,0,7.43
350,Nouadhibou,MR,2020-06-24 02:23:59,20.93,-17.03,71.6,73,0,18.34
351,Tobe,JP,2020-06-24 02:23:59,33.74,132.79,80.6,61,40,11.41
352,Ulladulla,AU,2020-06-24 02:23:59,-35.35,150.47,62.6,55,75,14.99
353,Samarai,PG,2020-06-24 02:23:59,-10.62,150.67,80.13,84,100,16.67
354,Broome,US,2020-06-24 02:23:59,42.25,-75.83,75.2,64,90,8.05
355,Calabozo,VE,2020-06-24 02:23:59,8.92,-67.43,75.69,86,46,4.18
356,Muncar,ID,2020-06-24 02:23:59,-8.43,114.33,78.67,84,98,7.16
357,Manavgat,TR,2020-06-24 02:23:59,36.79,31.44,68.0,82,40,2.24
358,Faya,SA,2020-06-24 02:23:59,18.39,42.45,68.0,22,100,5.08
359,Jinzhou,CN,2020-06-24 02:23:37,41.11,121.14,74.52,63,98,6.8
360,Kiruna,SE,2020-06-24 02:23:59,67.86,20.23,57.2,76,92,4.7
361,Oranjemund,NA,2020-06-24 02:23:59,-28.55,16.43,58.87,53,0,3.06
362,Yuzhno-Sukhokumsk,RU,2020-06-24 02:23:59,44.66,45.64,72.43,63,5,8.93
363,Livingston,GB,2020-06-24 02:24:00,55.9,-3.52,59.0,87,97,3.36
364,Abay,KZ,2020-06-24 02:24:00,49.63,72.85,53.6,81,75,11.18
365,San Giovanni Lupatoto,IT,2020-06-24 02:24:00,45.39,11.04,73.0,68,10,5.82
366,Elk Plain,US,2020-06-24 02:24:00,47.05,-122.4,78.01,64,1,5.82
367,Natitingou,BJ,2020-06-24 02:24:00,10.3,1.38,73.4,83,9,3.36
368,Olafsvik,IS,2020-06-24 02:24:00,64.89,-23.71,49.05,81,100,12.97
369,Hearst,CA,2020-06-24 02:24:00,49.68,-83.67,55.08,78,100,6.76
370,Mto Wa Mbu,TZ,2020-06-24 02:24:00,-3.35,35.85,65.71,82,85,4.36
371,Marawi,PH,2020-06-24 02:19:03,8.0,124.29,84.99,75,21,4.0
372,Daytona Beach,US,2020-06-24 02:19:15,29.21,-81.02,78.01,88,75,5.82
373,Poum,NC,2020-06-24 02:21:02,-20.23,164.02,73.58,80,0,17.2
374,Anqing,CN,2020-06-24 02:24:00,30.51,117.05,76.33,85,99,3.65
375,Xuddur,SO,2020-06-24 02:24:00,4.12,43.89,72.88,83,9,18.77
376,Gazli,UZ,2020-06-24 02:24:00,40.13,63.45,83.82,15,0,15.1
377,Berdigestyakh,RU,2020-06-24 02:24:01,62.1,126.7,77.2,31,63,6.91
378,Ancud,CL,2020-06-24 02:24:01,-41.87,-73.82,39.99,100,40,4.7
379,Tocopilla,CL,2020-06-24 02:24:01,-22.09,-70.2,60.4,62,82,7.61
380,Ereymentau,KZ,2020-06-24 02:24:01,51.62,73.1,54.05,80,96,17.45
381,Barabai,ID,2020-06-24 02:19:21,-2.58,115.38,85.71,61,25,0.6
382,Zhangjiakou,CN,2020-06-24 02:24:01,40.81,114.88,77.14,48,0,5.79
383,Nacala,MZ,2020-06-24 02:24:01,-14.54,40.67,70.92,86,1,11.63
384,Nadym,RU,2020-06-24 02:24:01,65.53,72.52,55.62,56,2,9.01
385,Orlik,RU,2020-06-24 02:21:04,52.52,99.83,63.9,46,38,0.92
386,Rio De Jesus,PA,2020-06-24 02:24:01,7.98,-81.16,76.23,93,100,0.74
387,Farmington,US,2020-06-24 02:20:02,36.73,-108.22,91.4,7,1,16.11
388,Zhezkazgan,KZ,2020-06-24 02:24:01,47.8,67.71,60.8,48,0,13.42
389,Portland,US,2020-06-24 02:23:51,45.52,-122.68,91.0,38,40,11.41
390,Mount Gambier,AU,2020-06-24 02:24:01,-37.83,140.77,53.6,93,90,8.05
391,Teeli,RU,2020-06-24 02:21:05,51.03,90.23,61.84,50,0,3.06
392,Evensk,RU,2020-06-24 02:24:01,61.95,159.23,56.61,59,0,9.6
393,Cordoba,AR,2020-06-24 02:21:42,-31.41,-64.18,51.01,93,75,3.36
394,Kitaibaraki,JP,2020-06-24 02:24:02,36.78,140.75,68.0,85,100,1.99
395,Fukue,JP,2020-06-24 02:24:02,32.69,128.84,78.8,83,75,16.11
396,Odzaci,RS,2020-06-24 02:24:02,45.51,19.26,55.4,87,41,6.93
397,Havre-Saint-Pierre,CA,2020-06-24 02:20:41,50.23,-63.6,59.0,93,1,5.82
398,Araouane,ML,2020-06-24 02:24:02,18.9,-3.53,89.73,11,0,4.61
399,Muscat,OM,2020-06-24 02:24:02,23.61,58.59,86.0,89,20,4.7
400,Samana,DO,2020-06-24 02:24:02,19.21,-69.34,79.11,85,24,6.4
401,Flinders,AU,2020-06-24 02:19:36,-34.58,150.86,64.0,59,31,15.01
402,Magnolia,US,2020-06-24 02:21:20,33.27,-93.24,81.0,94,100,4.0
403,Usagara,TZ,2020-06-24 02:24:02,-2.68,33.0,68.0,88,20,6.87
404,Mariental,NA,2020-06-24 02:24:02,-24.63,17.97,49.42,44,0,11.65
405,Sao Filipe,CV,2020-06-24 02:20:35,14.9,-24.5,77.58,73,0,8.21
406,Murdochville,CA,2020-06-24 02:24:02,48.96,-65.5,65.62,93,100,5.28
407,Bom Jesus,BR,2020-06-24 02:24:02,-9.07,-44.36,70.03,79,0,2.68
408,Comodoro Rivadavia,AR,2020-06-24 02:24:02,-45.87,-67.5,42.8,70,75,16.11
409,Lae,PG,2020-06-24 02:24:03,-6.72,146.98,86.0,55,40,8.05
410,Guhagar,IN,2020-06-24 02:24:03,17.48,73.19,80.4,82,54,9.62
411,Kutum,SD,2020-06-24 02:24:03,14.2,24.67,75.51,23,0,4.72
412,Salinopolis,BR,2020-06-24 02:24:03,-0.61,-47.36,79.18,84,27,9.91
413,Athens,GR,2020-06-24 02:24:03,37.98,23.72,73.0,73,20,3.6
414,Qujing,CN,2020-06-24 02:24:03,25.48,103.78,71.69,77,100,8.3
415,Talara,PE,2020-06-24 02:24:03,-4.58,-81.27,65.8,88,14,15.86
416,Aksarka,RU,2020-06-24 02:24:03,66.56,67.8,52.41,57,89,7.45
417,Laguna,US,2020-06-24 02:24:03,38.42,-121.42,96.8,35,1,9.17
418,Pasighat,IN,2020-06-24 02:20:15,28.07,95.33,80.51,84,99,2.15
419,Lorengau,PG,2020-06-24 02:20:21,-2.02,147.27,84.74,74,98,7.94
420,Gari,RU,2020-06-24 02:24:03,59.43,62.35,52.09,81,74,2.75
421,Mbulu,TZ,2020-06-24 02:24:03,-3.85,35.53,55.78,96,50,11.54
422,Sakassou,CI,2020-06-24 02:24:03,7.45,-5.29,75.0,94,99,4.61
423,Tooele,US,2020-06-24 02:24:03,40.53,-112.3,81.0,24,1,4.7
424,Pringsewu,ID,2020-06-24 02:24:04,-5.36,104.97,80.94,74,100,1.3
425,Aykhal,RU,2020-06-24 02:24:04,66.0,111.5,73.4,35,0,6.71
426,Nador,MA,2020-06-24 02:24:04,35.17,-2.93,73.4,78,90,1.12
427,Namibe,AO,2020-06-24 02:24:04,-15.2,12.15,71.01,56,42,6.53
428,Harare,ZW,2020-06-24 02:24:04,-17.83,31.05,50.7,75,76,5.39
429,Kungurtug,RU,2020-06-24 02:24:04,50.6,97.52,65.35,50,0,1.41
430,Haines Junction,CA,2020-06-24 02:24:04,60.75,-137.51,55.44,43,0,10.92
431,Pundaguitan,PH,2020-06-24 02:24:04,6.37,126.17,83.89,72,96,6.26
432,Urucara,BR,2020-06-24 02:24:04,-2.54,-57.76,75.45,79,0,1.07
433,Mount Isa,AU,2020-06-24 02:20:20,-20.73,139.5,69.8,21,0,9.17
434,Axim,GH,2020-06-24 02:24:04,4.87,-2.24,76.86,87,99,6.71
435,Atocha,BO,2020-06-24 02:24:04,-20.93,-66.23,37.26,53,0,15.23
436,Calama,CL,2020-06-24 02:23:01,-22.47,-68.93,44.6,20,20,6.93
437,Saldanha,ZA,2020-06-24 02:24:04,-33.01,17.94,42.8,87,0,1.12
438,Northam,GB,2020-06-24 02:24:04,51.03,-4.22,62.01,73,0,5.01
439,Nichinan,JP,2020-06-24 02:24:04,31.6,131.37,80.6,74,75,9.17
440,Sarankhola,BD,2020-06-24 02:24:05,22.31,89.79,85.8,80,25,6.51
441,Poro,PH,2020-06-24 02:24:05,10.63,124.41,87.8,62,75,8.05
442,Cockburn Town,TC,2020-06-24 02:24:05,21.46,-71.14,82.65,82,0,15.39
443,Phalombe,MW,2020-06-24 02:24:05,-15.81,35.65,59.25,88,65,4.88
444,Banda Aceh,ID,2020-06-24 02:24:05,5.56,95.32,83.68,66,43,5.35
445,Riberalta,BO,2020-06-24 02:24:05,-10.98,-66.1,75.83,75,38,1.68
446,Villazon,BO,2020-06-24 02:24:05,-22.09,-65.59,42.57,42,0,9.98
447,Bogorodskoye,RU,2020-06-24 02:24:05,56.55,37.88,54.12,85,1,4.61
448,Rosas,CO,2020-06-24 02:24:05,2.26,-76.74,57.85,89,56,4.88
449,Vikevag,NO,2020-06-24 02:24:05,59.1,5.7,59.0,93,0,4.7
450,Niamtougou,TG,2020-06-24 02:24:05,9.77,1.11,72.88,86,7,2.75
451,Beruwala,LK,2020-06-24 02:24:05,6.48,79.98,82.33,83,100,6.46
452,Suntar,RU,2020-06-24 02:24:05,62.14,117.63,70.12,61,99,7.49
453,Mollendo,PE,2020-06-24 02:24:05,-17.02,-72.01,59.79,79,9,7.18
454,Bafq,IR,2020-06-24 02:24:06,31.61,55.41,77.18,19,0,6.02
455,Pisco,PE,2020-06-24 02:19:56,-13.7,-76.22,62.6,88,75,3.36
456,Gorontalo,ID,2020-06-24 02:24:06,0.54,123.06,80.76,86,100,6.53
457,Puerto Del Rosario,ES,2020-06-24 02:24:06,28.5,-13.86,71.6,68,90,17.22
458,Grand Gaube,MU,2020-06-24 02:24:06,-20.01,57.66,70.0,82,42,3.0
459,Sao Felix Do Xingu,BR,2020-06-24 02:24:06,-6.64,-51.99,70.47,76,0,2.08
460,Kismayo,SO,2020-06-24 02:24:06,-0.36,42.55,77.18,84,51,15.97
461,Gold Coast,AU,2020-06-24 02:24:06,-28.0,153.43,68.0,45,0,6.93
462,Kuytun,RU,2020-06-24 02:24:06,54.34,101.5,73.06,57,5,4.94
463,Tautira,PF,2020-06-24 02:24:06,-17.73,-149.15,82.4,61,40,4.7
464,Hunchun,CN,2020-06-24 02:24:06,42.87,130.36,60.85,93,100,4.9
465,Cabedelo,BR,2020-06-24 02:24:06,-6.98,-34.83,75.2,94,40,9.17
466,Sao Miguel Do Araguaia,BR,2020-06-24 02:24:06,-13.28,-50.16,70.77,56,0,2.3
467,Yulara,AU,2020-06-24 02:24:06,-25.24,130.99,62.6,32,0,4.7
468,Doha,QA,2020-06-24 02:24:07,25.29,51.53,86.0,51,0,5.82
469,Tura,IN,2020-06-24 02:24:07,25.52,90.22,80.17,88,26,5.37
470,Montepuez,MZ,2020-06-24 02:24:07,-13.13,39.0,62.91,90,17,9.73
471,Roma,US,2020-06-24 02:24:07,43.21,-75.46,82.4,51,90,9.17
472,Poopo,BO,2020-06-24 02:24:07,-18.37,-66.97,38.89,56,0,7.07
473,Cayenne,GF,2020-06-24 02:24:07,4.93,-52.33,77.0,100,100,6.55
474,San Luis,AR,2020-06-24 02:19:22,-33.3,-66.34,46.22,78,98,15.73
475,Ocampo,MX,2020-06-24 02:24:07,21.65,-101.5,63.03,58,100,9.1
476,Inverness,GB,2020-06-24 02:24:07,57.48,-4.22,59.0,93,100,1.74
477,Lazurne,UA,2020-06-24 02:24:07,46.08,32.53,71.76,74,100,10.98
478,Codrington,AU,2020-06-24 02:24:07,-38.27,141.97,56.88,83,16,3.83
479,Caravelas,BR,2020-06-24 02:20:55,-17.71,-39.25,70.16,67,42,4.07
480,Paranaiba,BR,2020-06-24 02:24:07,-19.68,-51.19,65.07,53,52,5.64
481,Oeiras Do Para,BR,2020-06-24 02:24:07,-2.0,-49.85,77.32,76,62,1.86
482,Teofilo Otoni,BR,2020-06-24 02:23:36,-17.86,-41.51,58.96,84,5,2.46
483,Emba,KZ,2020-06-24 02:24:07,48.83,58.14,68.11,30,1,13.8
484,Olinda,BR,2020-06-24 02:20:35,-8.01,-34.86,78.8,74,20,12.75
485,Ambilobe,MG,2020-06-24 02:24:08,-13.2,49.05,66.4,86,0,3.0
486,Richards Bay,ZA,2020-06-24 02:24:08,-28.78,32.04,59.11,71,0,7.05
487,Avera,US,2020-06-24 02:24:08,33.19,-82.53,73.4,88,40,8.48
488,Padron,ES,2020-06-24 02:24:08,42.74,-8.66,63.0,93,90,5.82
489,Abatskoye,RU,2020-06-24 02:24:08,56.29,70.46,55.02,78,100,6.69
490,Kunya,NG,2020-06-24 02:24:08,12.22,8.53,77.0,78,0,10.29
491,Arlit,NE,2020-06-24 02:24:08,18.74,7.39,89.96,11,0,5.37
492,Nicolet,CA,2020-06-24 02:24:08,46.22,-72.62,73.99,94,75,3.36
493,Sharanga,RU,2020-06-24 02:24:08,57.18,46.54,53.87,90,0,7.0
494,Jurm,AF,2020-06-24 02:24:08,36.86,70.83,69.82,41,55,6.93
495,Kolondieba,ML,2020-06-24 02:24:08,11.09,-6.89,76.93,68,69,1.72
496,Beloha,MG,2020-06-24 02:24:08,-25.17,45.05,58.78,92,0,6.85
497,Morgan City,US,2020-06-24 02:24:08,29.7,-91.21,78.8,88,1,6.93
498,Asau,RO,2020-06-24 02:24:08,46.43,26.4,57.99,91,22,2.73
499,San Policarpo,PH,2020-06-24 02:24:09,12.18,125.51,85.62,71,100,8.32
500,Erzin,TR,2020-06-24 02:24:09,36.96,36.2,73.0,88,37,2.42
501,Abu Samrah,SY,2020-06-24 02:24:09,35.3,37.18,62.51,83,0,9.33
502,Da Nang,VN,2020-06-24 02:22:23,16.07,108.22,95.0,53,20,2.24
503,Chlorakas,CY,2020-06-24 02:24:09,34.8,32.41,66.2,82,7,2.24
504,Santa Cruz,BO,2020-06-24 02:24:09,-17.8,-63.17,75.2,88,40,14.99
505,Arman,RU,2020-06-24 02:24:09,59.7,150.17,56.5,69,7,6.89
506,Hualmay,PE,2020-06-24 02:24:09,-11.1,-77.61,61.57,87,97,7.31
507,San Quintin,MX,2020-06-24 02:24:09,30.48,-115.95,65.79,82,99,14.94
508,Lavumisa,SZ,2020-06-24 02:24:09,-27.31,31.89,54.73,72,0,2.66
509,Novobirilyussy,RU,2020-06-24 02:24:09,56.95,90.67,71.13,60,89,3.67
510,Baruun-Urt,MN,2020-06-24 02:24:09,46.68,113.28,70.07,56,98,16.55
511,Bandarbeyla,SO,2020-06-24 02:24:09,9.49,50.81,80.69,69,50,22.55
512,Geraldton,AU,2020-06-24 02:24:09,-28.77,114.6,64.4,77,75,3.36
513,Angoche,MZ,2020-06-24 02:24:09,-16.23,39.91,71.92,84,14,11.83
514,Palana,RU,2020-06-24 02:24:09,59.12,159.97,51.01,75,44,7.16
515,Gat,IL,2020-06-24 02:23:05,31.61,34.76,71.01,82,0,2.73
516,Leh,IN,2020-06-24 02:22:44,34.17,77.58,56.55,43,0,6.98
517,Homer,US,2020-06-24 02:24:10,59.64,-151.55,55.0,71,90,4.7
518,Cape Girardeau,US,2020-06-24 02:21:35,37.31,-89.52,72.0,83,1,3.36
519,Coquimbo,CL,2020-06-24 02:24:10,-29.95,-71.34,53.6,93,90,3.36
520,Jumla,NP,2020-06-24 02:24:10,29.27,82.18,67.12,63,56,2.51
521,Viedma,AR,2020-06-24 02:24:10,-40.81,-63.0,46.56,53,0,10.36
522,Sao Joao Da Barra,BR,2020-06-24 02:24:10,-21.64,-41.05,70.57,80,100,11.01
523,Minggang,CN,2020-06-24 02:24:10,32.46,114.05,86.0,57,0,0.83
524,Marzuq,YE,2020-06-24 02:24:10,14.4,46.47,79.5,30,17,0.89
525,Colac,AU,2020-06-24 02:19:41,-38.33,143.58,55.99,93,0,1.16
526,Kinablangan,PH,2020-06-24 02:24:10,7.69,126.55,86.47,62,79,4.25
527,Ginda,IN,2020-06-24 02:24:10,30.69,78.49,80.6,83,75,3.36
528,Labytnangi,RU,2020-06-24 02:24:10,66.66,66.42,48.74,77,100,5.77
529,Tskaltubo,GE,2020-06-24 02:24:10,42.33,42.6,71.6,83,75,6.93
530,Golyshmanovo,RU,2020-06-24 02:24:10,56.4,68.37,54.73,75,99,8.1
531,Port Angeles,US,2020-06-24 02:24:10,48.12,-123.43,64.4,82,1,6.93
532,Marystown,CA,2020-06-24 02:24:10,47.17,-55.15,59.22,97,88,6.55
533,Vila,PT,2020-06-24 02:24:10,42.03,-8.16,63.0,88,0,1.14
534,Mayya,RU,2020-06-24 02:20:54,61.73,130.28,77.0,44,81,4.47
535,Strzelin,PL,2020-06-24 02:24:11,50.78,17.06,55.0,100,8,9.17
536,Taoudenni,ML,2020-06-24 02:24:11,22.68,-3.98,92.95,10,0,12.12
537,Kashan,IR,2020-06-24 02:24:11,33.98,51.44,78.13,21,0,4.16
538,Ambovombe,MG,2020-06-24 02:24:11,-25.17,46.08,63.84,85,1,9.82
539,Ardakan,IR,2020-06-24 02:24:11,32.31,54.02,78.8,19,0,4.7
540,Mitchell,US,2020-06-24 02:23:27,43.71,-98.03,71.6,56,1,3.36
541,Zeya,RU,2020-06-24 02:24:11,53.75,127.27,76.64,36,98,2.26
542,Luanda,AO,2020-06-24 02:23:13,-8.84,13.23,73.4,83,75,2.24
543,Nuuk,GL,2020-06-24 02:24:11,64.18,-51.72,42.8,60,100,5.82
544,Maneadero,MX,2020-06-24 02:21:12,31.72,-116.57,66.0,86,96,3.0
545,Kosonsoy,UZ,2020-06-24 02:24:11,41.26,71.55,78.8,36,80,6.93
546,Garoua,CM,2020-06-24 02:24:11,9.3,13.4,78.55,78,46,8.05
547,Amuntai,ID,2020-06-24 02:24:11,-2.42,115.25,85.91,61,19,0.69
548,Pemangkat,ID,2020-06-24 02:22:52,1.17,108.97,77.58,88,100,6.31
549,Leningradskiy,RU,2020-06-24 02:24:11,69.38,178.42,33.66,89,94,13.44
550,Bagru,IN,2020-06-24 02:24:12,26.81,75.54,86.0,66,40,4.05
551,Carutapera,BR,2020-06-24 02:24:12,-1.2,-46.02,75.47,92,2,5.5
552,Goderich,CA,2020-06-24 02:24:12,43.75,-81.72,66.0,77,44,1.99
553,Narodychi,UA,2020-06-24 02:24:12,51.2,29.08,59.38,81,100,9.15
554,Desbiens,CA,2020-06-24 02:24:12,48.42,-71.95,68.0,100,75,3.67
555,Qaqortoq,GL,2020-06-24 02:24:12,60.72,-46.03,51.8,66,1,3.36
556,Sahuaripa,MX,2020-06-24 02:24:12,29.05,-109.23,97.54,16,0,7.11
557,Pitimbu,BR,2020-06-24 02:24:12,-7.47,-34.81,75.2,94,40,9.17
558,Quesnel,CA,2020-06-24 02:24:12,53.0,-122.5,62.6,88,90,2.24
559,Chauk,MM,2020-06-24 02:24:12,20.88,94.82,85.12,65,100,8.01
560,Bath,GB,2020-06-24 02:21:13,51.38,-2.36,61.0,80,0,3.67
561,Lata,PT,2020-06-24 02:24:12,40.16,-8.33,64.99,96,100,3.87
562,Campbell River,CA,2020-06-24 02:24:12,50.02,-125.24,64.4,82,75,5.82
563,Manadhoo,MV,2020-06-24 02:24:12,5.77,73.38,83.71,77,98,14.81
564,Moussoro,TD,2020-06-24 02:20:42,13.64,16.49,88.39,26,57,9.33
565,Diapaga,BF,2020-06-24 02:24:12,12.07,1.79,80.44,67,0,7.07
566,Aswan,EG,2020-06-24 02:20:43,24.09,32.91,85.68,17,37,11.99
